Nombre,Precio_Venta,Stock,SKU,Codigo_Barras
PILA AA DURACELL,1.3,0,PAD-0001,7590000000001
ALIVE 500G,1.7,0,A5-0002,7590000000002
AXION 235G,0,0,A2-0003,7590000000003
CLORO,0.7,0,C-0004,7590000000004
PILA AAA DURACELL,1.2,0,PAD-0005,7590000000005
SUAVITEL 180 ML,0.9,0,S1M-0006,7590000000006
SUAVITEL BONA ROPA 1 LTS,2.5,0,SBR1L-0007,7590000000007
AXION 400 ML,5.0,0,A4M-0008,7590000000008
AXION 750 ML,8.0,0,A7M-0009,7590000000009
AJAX 160 ML,1.2,0,A1M-0010,7590000000010
FABULOSO 180 ML,1.4,0,F1M-0011,7590000000011
ALIVE FLORAL 500G,1.7,0,AF5-0012,7590000000012
ALIVE LIMON 500G,1.7,0,AL5-0013,7590000000013
ALIVE SUAVIZANTE 500G,1.7,0,AS5-0014,7590000000014
VANISH 130 ML,1.2,0,V1M-0015,7590000000015
JABON 3B 400G,1.0,0,J34-0016,7590000000016
OXY 400G,1.2,0,O4-0017,7590000000017
BONA ROPA 800G POLVO,4.0,0,BR8P-0018,7590000000018
PANOS AMARRILLO COCINA,1.6,0,PAC-0019,7590000000019
PANOS CON DIBUJOS COCINA,1.5,0,PCDC-0020,7590000000020
COLGATE KINS 50G,1.6,0,CK5-0021,7590000000021
COLGATE TRIPLE ACCION 60G,1.8,0,CTA6-0022,7590000000022
CEPILLO DE DIENTE,1.7,0,CDD-0023,7590000000023
JABON NATURAL FEELING 110G,1.1,0,JNF1-0024,7590000000024
JABON HUO AVENA 75G,0.65,0,JHA7-0025,7590000000025
JABON PROTEX AVENA 110G,2.0,0,JPA1-0026,7590000000026
JABON PROTEX CARBON 110 G,2.1,0,JPC1G-0027,7590000000027
PALMOLIVE NATURAL 85G,1.2,0,PN8-0028,7590000000028
LEMON 115G,1.2,0,L1-0029,7590000000029
JABON ESPECIAL 250G,1.2,0,JE2-0030,7590000000030
JABON LAS LLAVES 250G,1.3,0,JLL2-0031,7590000000031
GANCHO DE ROPA 20 UND MD,1.0,0,GDR2UM-0032,7590000000032
AROMAX SOBRE 10G,0.5,0,AS1-0033,7590000000033
ESPUMA DE AFEITAR 150G GILLET,8.0,0,EDA1G-0034,7590000000034
COLADOR DE CAFÉ,1.0,0,CDC-0035,7590000000035
PAPEL ROSAL 215H,1.4,0,PR2-0036,7590000000036
PAPEL ROSAL 300H,2.9,0,PR3-0037,7590000000037
PAPEL ROSAL 400H,3.5,0,PR4-0038,7590000000038
PAPEL ROSAL 600H,4.9,0,PR6-0039,7590000000039
TOALLIN 50H,1.5,0,T5-0040,7590000000040
AMBIENTADOR AEREOSOL BERNICE,3.0,0,AAB-0041,7590000000041
PALA GRANDE HAE,3.2,0,PGH-0042,7590000000042
RASTRILLO JARDIN HAE,4.5,0,RJH-0043,7590000000043
RASTRILLO PEQUEÑO HAE,3.5,0,RPH-0044,7590000000044
ESCOBA COLOMBIANA,3.8,0,EC-0045,7590000000045
LAMPAZO COLOMBIANO,3.8,0,LC-0046,7590000000046
PONCHERA 5 LITRS HAE,2.2,0,P5LH-0047,7590000000047
BOMBILLOS BRILLALUZ 20W,1.5,0,BB2-0048,7590000000048
BOMBILLO LIGHTFLY 12 W,1.0,0,BL1W-0049,7590000000049
DISPENSADOR DE AGUA ELECTRICO,6.0,0,DDAE-0050,7590000000050
RECLETA FELUZ 6 SALIDAS,3.5,0,RF6S-0051,7590000000051
LAMPARA 24W,6.5,0,L2-0052,7590000000052
HOJILLAS DORCO,0.5,0,HD-0053,7590000000053
CINTA DE EMBALAR SENCILLAS,1.0,0,CDES-0054,7590000000054
PAPEL ALUMINIO 5 METROS,1.6,0,PA5M-0055,7590000000055
PILLAS AA KINGCBOY,0.7,0,PAK-0056,7590000000056
PEGA TANQUE,2.0,0,PT-0057,7590000000057
ESPONJAS BRILLO JABONOSA,1.0,0,EBJ-0058,7590000000058
TEIPE COBRA,1.0,0,TC-0059,7590000000059
TEFLON GRANDE,1.0,0,TG-0060,7590000000060
VELAS PEQUENA,0.15,0,VP-0061,7590000000061
ENCHUFE 110,1.5,0,E1-0062,7590000000062
LIJAS,1.5,0,L-0063,7590000000063
CREMA DE ZAPATO MARRON,2.0,0,CDZM-0064,7590000000064
CREMA DE ZAPATO NEESPLASGRA,2.5,0,CDZN-0065,7590000000065
PALILLOS,0.25,0,P-0066,7590000000066
CEPILLO DE LAVAR,2.5,0,CDL-0067,7590000000067
PROTECROR 110 W,20.0,0,P1W-0068,7590000000068
PROTECTOR 220 W,20.0,0,P2W-0069,7590000000069
LAPIZ VDE CCOLONIASEJAS,1.8,0,LVC-0070,7590000000070
LAMPARA LED 100 W,2.5,0,LL1W-0071,7590000000071
LAMPARAB RELETA 100 W,6.0,0,LR1W-0072,7590000000072
TRITURADOR DE ALIMENTOS,7.5,0,TDA-0073,7590000000073
TOMACORRIENTE 110 W,3.0,0,T1W-0074,7590000000074
APAGADOR SENCILLO,3.0,0,AS-0075,7590000000075
APAGADOR DOBLE,3.0,0,AD-0076,7590000000076
TOMACJABON AZULORRIENTE SUPERFICIAL,2.5,0,TAS-0077,7590000000077
SOCATE PORCELANA,1.6,0,SP-0078,7590000000078
SOCATE NEGRO GOMA,0.8,0,SNG-0079,7590000000079
AGUA OXIGENADA 10 VOL PASARELA 480ML,5.0,0,AO1VP4-0080,7590000000080
AGUA OXIGENADA 20 VOL LOVIA 100ML,2.0,0,AO2VL1-0081,7590000000081
AGUA OXIGENADA 30 VOL LOVIA 100 ML,2.0,0,AO3VL1M-0082,7590000000082
AGUA OXIGENADA 30 VOL DRENE 100 ML,2.0,0,AO3VD1M-0083,7590000000083
TINTE MAGIC LADY 60 ML,2.0,0,TML6M-0084,7590000000084
TINTE HUGME 25 ML,1.0,0,TH2M-0085,7590000000085
TINTE SHAMPOO BLACK HAIR DYE,1.5,0,TSBHD-0086,7590000000086
CHASMPIOJO,1.5,0,C-0087,7590000000087
PAPELERA DE NINO,4.0,0,PDN-0088,7590000000088
DECOLORANTE RAPID BLUE 60G,6.0,0,DRB6-0089,7590000000089
DECOLORANTE RAPID BLUE 200G,14.0,0,DRB2-0090,7590000000090
MASCARRILLA CAPILAR DAVEY 200G,1.9,0,MCD2-0091,7590000000091
CEPILLO SECADOR,22.0,0,CS-0092,7590000000092
RECOLECTOR DE ORINA,0.7,0,RDO-0093,7590000000093
RECOLECTOR DE ECES,0.7,0,RDE-0094,7590000000094
TERMOMETRO,3.0,0,T-0095,7590000000095
JERINGA DE 5,0.5,0,JD5-0096,7590000000096
JERINGA DE 10,0.5,0,JD1-0097,7590000000097
TIRRO FINO BLANCO,1.0,0,TFB-0098,7590000000098
CONDON PERSERVATIVO,0.6,0,CP-0099,7590000000099
VAPORUT COLOMBIANO,1.0,0,VC-0100,7590000000100
VAPORUT NACIONAL,3.0,0,VN-0101,7590000000101
GAZAS,0.3,0,G-0102,7590000000102
ALKA SELZER,0.5,0,AS-0103,7590000000103
MENTUS 30G PEQUEÑO,1.0,0,M3P-0104,7590000000104
MENTUS 110G MEDIANO,2.5,0,M1M-0105,7590000000105
ALGODÓN 25G ALGOBAP,1.8,0,A2A-0106,7590000000106
ALCOHOL 100 ML,1.1,0,A1M-0107,7590000000107
ALGODÓN AMY 50 UND,3.5,0,AA5U-0108,7590000000108
PANALES HUGME XG 10 UND,3.9,0,PHX1U-0109,7590000000109
TALCO MELODY 200G,4.0,0,TM2-0110,7590000000110
DESODORANTE POMO CLINICAL,2.5,0,DPC-0111,7590000000111
DESODORANTE POMO SPEED STICK,1.9,0,DPSS-0112,7590000000112
TAPA BOCA DE NINA,0.6,0,TBDN-0113,7590000000113
TOALLITAS AMY 24 UND,1.6,0,TA2U-0114,7590000000114
SHAMPO SOBRE HEAD SHOULDERS,0.5,0,SSHS-0115,7590000000115
SHAMPO ALIVE 350 ML,4.0,0,SA3M-0116,7590000000116
ACONDICIONADOR DRENA 370 ML,5.5,0,AD3M-0117,7590000000117
SHAMPO SOBRE PANTENE,0.5,0,SSP-0118,7590000000118
CREMA DE PEINAR DRENE 240 ML,4.5,0,CDPD2M-0119,7590000000119
CREMA DE PEINAR DAVEY 200 ML,1.9,0,CDPD2M-0120,7590000000120
LOCION AMY 200 ML,5.5,0,LA2M-0121,7590000000121
TALCO BERNICE 200G,2.0,0,TB2-0122,7590000000122
LOCION HUGME NINO 200 ML,2.2,0,LHN2M-0123,7590000000123
COLONIA HUGME NINO Y NINA 200 ML,1.8,0,CHNYN2M-0124,7590000000124
CREMA CORPORAL EVERY NIGHT 200G,4.0,0,CCEN2-0125,7590000000125
CREMA CORPORAL DERMOX 365G,5.5,0,CCD3-0126,7590000000126
BOROCABFOR 60G,2.0,0,B6-0127,7590000000127
VASELINA 50 ML PEQUENA,1.6,0,V5MP-0128,7590000000128
VASELINA 100 ML GRANDE,2.0,0,V1MG-0129,7590000000129
TOALLAS SANITARIAS HUGME VERDE,1.2,0,TSHV-0130,7590000000130
TOALLAS SANITARIAS HUGME MORADAS,1.2,0,TSHM-0131,7590000000131
TOALLAS SANITARIAS HUGME NOCTURNA,1.8,0,TSHN-0132,7590000000132
TOALLAS DIARIAS HUGME,1.0,0,TDH-0133,7590000000133
HILOS DENTAL COLGATE,4.0,0,HDC-0134,7590000000134
ENJUEGUE BOCAL 250 ML,5.0,0,EB2M-0135,7590000000135
AFEITADORA MAX III,0.45,0,AMI-0136,7590000000136
AFEITADORA DORCO,0.5,0,AD-0137,7590000000137
PARAGUAS,7.0,0,P-0138,7590000000138
GORRAS SENCILLAS,3.5,0,GS-0139,7590000000139
GORRAS DE PAJARO,7.0,0,GDP-0140,7590000000140
GALLETAS CRAKENAS PAQUETE,3.2,0,GCP-0141,7590000000141
GORRAS NINO,3.5,0,GN-0142,7590000000142
TAPA BOCA ADULTO,0.5,0,TBA-0143,7590000000143
TAZAS SOPERA,0.35,0,TS-0144,7590000000144
TAZAS CONSEVADORAS,2.0,0,TC-0145,7590000000145
COLADOR DE PASTA,1.6,0,CDP-0146,7590000000146
CERA MIEL PEQUENA,6.0,0,CMP-0147,7590000000147
POLVO ACRILICO,3.0,0,PA-0148,7590000000148
VELA AROMATICA,5.0,0,VA-0149,7590000000149
PERFUMES A BASE ACEITE Y FEROMONAS,5.0,0,PABAYF-0150,7590000000150
RELOJ DEPORTIVO,7.0,0,RD-0151,7590000000151
RELOJ ACERO INOXIDABLE,7.0,0,RAI-0152,7590000000152
RELOJ DE NINA,5.0,0,RDN-0153,7590000000153
MONEDERO NINA,5.0,0,MN-0154,7590000000154
ZARCILLOS LARGOS,3.0,0,ZL-0155,7590000000155
ZARCILLOS PEQUEÑO,2.5,0,ZP-0156,7590000000156
ARGOLLAS,1.1,0,A-0157,7590000000157
PEGA LOKA,0.5,0,PL-0158,7590000000158
PEGA COLOMBIANA VERDE,0.5,0,PCV-0159,7590000000159
PEGA MOSCA,0.32,0,PM-0160,7590000000160
PEGA RATA,1.5,0,PR-0161,7590000000161
MATA HORMIGA Y CHIRIPAS,0.4,0,MHYC-0162,7590000000162
ESPOJA DOBLE USO GRUESA,1.5,0,EDUG-0163,7590000000163
ESPONJA DE BRILLO,1.0,0,EDB-0164,7590000000164
ESPONJA DE COLORES SENCILLAS,0.5,0,EDCS-0165,7590000000165
ESPONJA DE COLORES GRUESAS,1.0,0,EDCG-0166,7590000000166
ESPONJA FINA VERDE DESTAPADOR DE CANERIA,6.5,0,EFVDDC-0167,7590000000167
DIABLO ROJO,6.0,0,DR-0168,7590000000168
LIMPIA HORNO FROTEX,5.5,0,LHF-0169,7590000000169
JARRAS 1.5 LITRO,1.6,0,J1L-0170,7590000000170
POTE DE COCINA RECTANGULAR DURAPLAS,2.5,0,PDCRD-0171,7590000000171
MARCADOR PERMANENTE,0.6,0,MP-0172,7590000000172
LAPIZ MONGO,0.6,0,LM-0173,7590000000173
LAPIZ BICOLOR,0.6,0,LB-0174,7590000000174
COLORES KROMAS,4.0,0,CK-0175,7590000000175
LAPIZ DE NINA,0.5,0,LDN-0176,7590000000176
PEGA BLANCA DAVEY,0.7,0,PBD-0177,7590000000177
SACAPUNTA SENCILLO,0.8,0,SS-0178,7590000000178
BORRADOR,0.5,0,B-0179,7590000000179
SILICON FINO,0.25,0,SF-0180,7590000000180
SILICON GRUESO,0.4,0,SG-0181,7590000000181
TIJERA PEQUENA,1.0,0,TP-0182,7590000000182
TIJERA GRANDE,2.0,0,TG-0183,7590000000183
TIJERA DE CORTE SISAC,1.2,0,TDCS-0184,7590000000184
HOJAS DE EXAMEN,0.25,0,HDE-0185,7590000000185
CARPETA MARRON,1.0,0,CM-0186,7590000000186
CAJAS DE REGALO,1.0,0,CDR-0187,7590000000187
BOLSITA DE REGALO VERDE,1.0,0,BDRV-0188,7590000000188
CAJITA DE REGALO UNICOLORES,0.4,0,CDRU-0189,7590000000189
GLOBOS POR PAQUETE,3.0,0,GPP-0190,7590000000190
CORTINA DE REGALO,3.5,0,CDR-0191,7590000000191
GLOBOS METALIZADOS DE FELIZ CUMPLEANO,5.5,0,GMDFC-0192,7590000000192
GLOBOS FELIZ CUMPLEANOS EN LETRA,6.0,0,GFCEL-0193,7590000000193
BOLTEO DE JUGUETE,5.0,0,BDJ-0194,7590000000194
NAYLE,2.5,0,N-0195,7590000000195
LEGO,3.0,0,L-0196,7590000000196
CARRO DE DINOSAURIO,4.0,0,CDD-0197,7590000000197
PALOS DE ALTURA,0.1,0,PDA-0198,7590000000198
SPLAHT DAMA CABALLERO Y NINOS,2.2,0,SDCYN-0199,7590000000199
PERFUMES EN ACEITES EN FRASCO PEQUEÑO,5.0,0,PEAEFP-0200,7590000000200
COLONIA DE DAMA Y CABALLERO GRANDE,6.0,0,CDDYCG-0201,7590000000201
COLAGENO KARSELL,2.0,0,CK-0202,7590000000202
NUTRIBELLA,1.0,0,N-0203,7590000000203
TERMOS DE METAL,12.0,0,TDM-0204,7590000000204
TAZAS DE NINOS,1.2,0,TDN-0205,7590000000205
CABLE TIPO C,2.0,0,CTC-0206,7590000000206
PESTANAS 10 Y 12,2.0,0,P1Y1-0207,7590000000207
TINTA CHINA,2.0,0,TC-0208,7590000000208
LABIAL,2.0,0,L-0209,7590000000209
PEGA PESTANA,2.0,0,PP-0210,7590000000210
GORRO PARA CABELLO,1.0,0,GPC-0211,7590000000211
LAPIZ LABIAL,2.5,0,LL-0212,7590000000212
BASE PARA ROSTRO,2.0,0,BPR-0213,7590000000213
RUBOR,2.0,0,R-0214,7590000000214
COMPACTO MONREY,2.0,0,CM-0215,7590000000215
PROTECTOR SOLAR,3.0,0,PS-0216,7590000000216
ACEITE CAPILAR,3.0,0,AC-0217,7590000000217
CREMA PONS ACLARANTE SOBRE,1.0,0,CPAS-0218,7590000000218
PRAIME,0.5,0,P-0219,7590000000219
ESMALTE SEMIPERMANENTE,3.0,0,ES-0220,7590000000220
LENTES DE LECTURA,2.5,0,LDL-0221,7590000000221
LENTES DE SOL,3.0,0,LDS-0222,7590000000222
SERUM,3.0,0,S-0223,7590000000223
CORTA UNAS,1.5,0,CU-0224,7590000000224
LAPIZ DE CEJAS NEGRO Y MARRON,0.5,0,LDCNYM-0225,7590000000225
LIMAS DE UNAS,0.5,0,LDU-0226,7590000000226
PEINE NEGRO FINO,0.5,0,PNF-0227,7590000000227
ACETONA,2.0,0,A-0228,7590000000228
PEINAR,3.0,0,P-0229,7590000000229
PEINAR DE NINA,2.5,0,PDN-0230,7590000000230
PEINE PLASTICO DE COLORES,0.5,0,PPDC-0231,7590000000231
CORTA CUTICULAS,3.5,0,CC-0232,7590000000232
ESMALTE NORMAL,0.8,0,EN-0233,7590000000233
CREMA NOVEX DE SOBRE,1.0,0,CNDS-0234,7590000000234
HILOS DE COSER,0.3,0,HDC-0235,7590000000235
HISOPOS,0.5,0,H-0236,7590000000236
GUANTES DE NITRILO,0.16,0,GDN-0237,7590000000237
DESODORANTE DE SOBRE,0.45,0,DDS-0238,7590000000238
MOPAS DESMAQUILLANTES,2.9,0,MD-0239,7590000000239
COHALA,10.0,0,C-0240,7590000000240
BOLSO DE CABALLERO PEQUEÑO,6.0,0,BDCP-0241,7590000000241
BOLSO DE DAMA PEQUEÑO,6.0,0,BDDP-0242,7590000000242
PLATANITOS,0.9,0,P-0243,7590000000243
CHISKESITO,0.8,0,C-0244,7590000000244
CHISTOZO,0.55,0,C-0245,7590000000245
PALITOS,0.55,0,P-0246,7590000000246
MASMELOS DE COLORES,0.8,0,MDC-0247,7590000000247
DANDY COLORES,0.8,0,DC-0248,7590000000248
TRIDENT,0.9,0,T-0249,7590000000249
MAXCOCO,0.8,0,M-0250,7590000000250
WAFER LARGA,0.4,0,WL-0251,7590000000251
RULITAS,0.2,0,R-0252,7590000000252
CHUPETAS,0.15,0,C-0253,7590000000253
FREEGLLESS,0.5,0,F-0254,7590000000254
GALLETA BABO,0.8,0,GB-0255,7590000000255
MILLOWS,0.8,0,M-0256,7590000000256
MARRSHMALLOWS,1.2,0,M-0257,7590000000257
GALLETA BRINKI,0.4,0,GB-0258,7590000000258
GALLETA FESTIVAL,0.85,0,GF-0259,7590000000259
GALLETA OREO,0.5,0,GO-0260,7590000000260
MANI MOTO,0.35,0,MM-0261,7590000000261
CHICLE SPLOS,0.09,0,CS-0262,7590000000262
TRULULU CHOCO'COLORES,0.55,0,TC-0263,7590000000263
MASMELO PEQUEÑO,0.3,0,MP-0264,7590000000264
BIANCHI BARRA MANI,0.5,0,BBM-0265,7590000000265
TURRON BLANCO,1.0,0,TB-0266,7590000000266
NUCITA,0.3,0,N-0267,7590000000267
TRULULU 80G,0.9,0,T8-0268,7590000000268
SET DE CUCHILLOS,3.5,0,SDC-0269,7590000000269
BIANCHI SNACK,1.0,0,BS-0270,7590000000270
PELOTAS DE COLORES,2.5,0,PDC-0271,7590000000271
JABON ARIEL,1.1,0,JA-0272,7590000000272
JABON BRISOL,1.1,0,JB-0273,7590000000273
JABON LAVAPLATOS,1.1,0,JL-0274,7590000000274
DESINFECTANTE,0.7,0,D-0275,7590000000275
CLORO JABONOSO,0.9,0,CJ-0276,7590000000276
CERA BLANCA,0.8,0,CB-0277,7590000000277
LAVAPLATOS,1.3,0,L-0278,7590000000278
DESENGRASANTE,0.9,0,D-0279,7590000000279
SUAVIZANTE,0.9,0,S-0280,7590000000280
TOBO CON ASA METAL,2.5,0,TCAM-0281,7590000000281
EXPRIMIDOR,3.0,0,E-0282,7590000000282
CHUPA SANITARIA,4.5,0,CS-0283,7590000000283
CEPILLAVALINYEO SANITARIA,3.5,0,CS-0284,7590000000284
TOBO CON EXPRIMIDOR,5.0,0,TCE-0285,7590000000285
BOLSO DE NINOS,3.5,0,BDN-0286,7590000000286
CARTERA BLANCA,10.0,0,CB-0287,7590000000287
CADENAS DE ACERO INOXIDABLE,3.0,0,CDAI-0288,7590000000288
JUEGO DE CADENA,2.0,0,JDC-0289,7590000000289
LIGAS DE CABELLO,0.35,0,LDC-0290,7590000000290
BOMBILLO RECARGABLE,5.5,0,BR-0291,7590000000291
TEIPE ELECTRICO,1.2,0,TE-0292,7590000000292
DETERGENTE ARIEL 450G,3.0,0,DA4-0293,7590000000293
EXPRIMIDOR,4.5,0,E-0294,7590000000294
PEGA MOSCA,0.32,0,PM-0295,7590000000295
COLGATE MENTA 90G,1.6,0,CM9-0296,7590000000296
DESODORANTE SOBRE CLINIT,0.62,0,DSC-0297,7590000000297
DESODORANTE SOBRE BALANCE Y SPEED,0.5,0,DSBYS-0298,7590000000298
COLGATE XTRA BLANCURA 90G,3.1,0,CXB9-0299,7590000000299
SUAVITEL 500ML,2.5,0,S5-0300,7590000000300
LIMPIA AIRE,3.0,0,LA-0301,7590000000301
GANCHO DE CLOSET 10N UND,3.5,0,GDC1U-0302,7590000000302
WAFER PEQUENA,0.4,0,WP-0303,7590000000303
VAPORUB POTE,1.5,0,VP-0304,7590000000304
JABON BLANQUEADOR,2.0,0,JB-0305,7590000000305
DORITO,1.5,0,D-0306,7590000000306
PAPEL ROSAL 215H ROJO,1.65,0,PR2R-0307,7590000000307
GELATINA DE CABELLO EVERY NIGHT,2.2,0,GDCEN-0308,7590000000308
PAPEL ROSAL 215 H DUO,0.8,0,PR2HD-0309,7590000000309
TOCIMIEL,0.5,0,T-0310,7590000000310
POPETAS,1.3,0,P-0311,7590000000311
PANO MICROFIBRA,2.0,0,PM-0312,7590000000312
SORBETICOS,1.6,0,S-0313,7590000000313
PIAZZA,0.25,0,P-0314,7590000000314
SPACE POP CHOCOLATE 240G,2.5,0,SPC2-0315,7590000000315
PLANET CRONCH MEIL 240G,2.5,0,PCM2-0316,7590000000316
ROCKET PLANET DULCE LECHE 220G,3.1,0,RPDL2-0317,7590000000317
GRISSLY,0.9,0,G-0318,7590000000318
JABON EVERY NIGHT,1.6,0,JEN-0319,7590000000319
DESODORANTE BOLITA ROLL EVERY NIGHT,2.9,0,DBREN-0320,7590000000320
BRINKI,0.75,0,B-0321,7590000000321
CHAMPU DRENE 200G,4.3,0,CD2-0322,7590000000322
CREYON CERA NINO Y NINA,1.6,0,CCNYN-0323,7590000000323
CINTA FINA,0.3,0,CF-0324,7590000000324
CARTULINA,1.5,0,C-0325,7590000000325
FOAMI,0.4,0,F-0326,7590000000326
SET DE MARCADOR,2.5,0,SDM-0327,7590000000327
JUEHO GEOMETRICO,1.5,0,JG-0328,7590000000328
MENTUS GRANDE,2.5,0,MG-0329,7590000000329
GANCHOS PLASTICO,1.6,0,GP-0330,7590000000330
COLORES CON SACAPUNTA,2.5,0,CCS-0331,7590000000331
CUADERNOS,1.4,0,C-0332,7590000000332
REFLECTOR 50W,2.2,0,R5-0333,7590000000333
SACAPUNTA METAL,0.5,0,SM-0334,7590000000334
PEGA BARRA 21G,1.0,0,PB2-0335,7590000000335
ESMALTE SIGLO,1.2,0,ES-0336,7590000000336
GANCHO CABELLO,1.6,0,GC-0337,7590000000337
SACAPUNTA DOBLE,1.0,0,SD-0338,7590000000338
BOCADILLOS,0.16,0,B-0339,7590000000339
COLADOR DE JUGO MEDIANO,2.0,0,CDJM-0340,7590000000340
COLADOR DE JUGO GRANDE,2.8,0,CDJG-0341,7590000000341
AGUJAS DE COSER,0.5,0,ADC-0342,7590000000342
INCIENCIO,1.0,0,I-0343,7590000000343
MASCARILLA PANTENE KERATINA,1.0,0,MPK-0344,7590000000344
CANDADO,1.4,0,C-0345,7590000000345
ALCOHOL SPRAY,1.6,0,AS-0346,7590000000346
MAS LIMPIA POCETA,6.0,0,MLP-0347,7590000000347
HISOPO ESTRELLA,1.5,0,HE-0348,7590000000348
RESALTADOR,0.6,0,R-0349,7590000000349
LAMPARA PLATO 50W,1.9,0,LP5-0350,7590000000350
BOMBILLO DE 15W,1.0,0,BD1-0351,7590000000351
CINTA DOBLE CARA,1.0,0,CDC-0352,7590000000352
SOCATE DE GOMA,0.7,0,SDG-0353,7590000000353
LAMPARA DE PLATO,2.0,0,LDP-0354,7590000000354
BOMBILLO DE 15W,1.0,0,BD1-0355,7590000000355
ENCEDEDOR BERENICE,1.0,0,EB-0356,7590000000356
CUCHARAS 12 UND,2.0,0,C1U-0357,7590000000357
TENEDOR 12 UND,2.0,0,T1U-0358,7590000000358
CARPETA AMARILLA OFICIO,0.5,0,CAO-0359,7590000000359
BONBILLO MANZANA 30W,1.5,0,BM3-0360,7590000000360
CARTULINA BLANCA,1.2,0,CB-0361,7590000000361
CARTULINA COLOR,1.4,0,CC-0362,7590000000362
RAPIDO QUESO,0.8,0,RQ-0363,7590000000363
TERMO BERENICE,5.5,0,TB-0364,7590000000364
SACAPUNTA BERENICE,0.5,0,SB-0365,7590000000365
CREYONES NORMA,2.5,0,CN-0366,7590000000366
BORRADOR BERENICE,0.4,0,BB-0367,7590000000367
ESCARCHA LIQUIDA,1.0,0,EL-0368,7590000000368
ESCARCHA POTE COLORES,3.2,0,EPC-0369,7590000000369
ROMPECABEZA,1.5,0,R-0370,7590000000370
GANCHOS NEGROS CABELLO,0.8,0,GNC-0371,7590000000371
SUAVIZANTE BONA ROPA,2.8,0,SBR-0372,7590000000372
LAMPARA MANZANA,4.5,0,LM-0373,7590000000373
CREMA CORPORAL ALIVE,4.5,0,CCA-0374,7590000000374
CHAMPU ALIVE,4.5,0,CA-0375,7590000000375
TOALLAS HUMEDAS BABY FINGER,2.0,0,THBF-0376,7590000000376
CEPILLO SECADOR 5 EN 1,40.0,0,CS5E1-0377,7590000000377
HOJAS BLANCA 10 UND,0.5,0,HB1U-0378,7590000000378
MONOMERO,3.0,0,M-0379,7590000000379
PINTURA AL FRIO,1.5,0,PAF-0380,7590000000380
TEMPERA,2.5,0,T-0381,7590000000381
CORNETA PEQUENA,13.0,0,CP-0382,7590000000382
CHAMPIOJO SOBRE,1.2,0,CS-0383,7590000000383
REGLETA,4.2,0,R-0384,7590000000384
KIT DEV LIGAS,1.6,0,KDL-0385,7590000000385
KIT PEDICURE,4.0,0,KP-0386,7590000000386
AGUA OXIGENADA,2.5,0,AO-0387,7590000000387
LOCION AVON,15.0,0,LA-0388,7590000000388
BOLSO SWISSGEAR,28.0,0,BS-0389,7590000000389
GLADE CARRO,3.9,0,GC-0390,7590000000390
TINTE DRENE,5.5,0,TD-0391,7590000000391
LLUVIA DE CHOCOLATE 100G,1.5,0,LDC1-0392,7590000000392
LLUVIA DE CHOCOLATE BLANCO 100G,1.5,0,LDCB1-0393,7590000000393
LLUVIA DE COLORES 100G,1.0,0,LDC1-0394,7590000000394
MESCLA PARA TORTA,2.0,0,MPT-0395,7590000000395
BALINES DE COLORES,1.5,0,BDC-0396,7590000000396
CACAO 100G,1.5,0,C1-0397,7590000000397
CEREZA ROJA 100G,3.0,0,CR1-0398,7590000000398
FRUTA CONFITADA 100G,1.0,0,FC1-0399,7590000000399
NEVATORTA 250G,2.5,0,N2-0400,7590000000400
SANTILLY EN POLVO 80G,3.5,0,SEP8-0401,7590000000401
PUDIN WYNCO,0.8,0,PW-0402,7590000000402
COLOR EN GEL,3.5,0,CEG-0403,7590000000403
CUCHRAS PLASTICAS 20 UND,1.0,0,CP2U-0404,7590000000404
VASOS PLASTICO,2.0,0,VP-0405,7590000000405
BASE DE TORTA DORADA,1.3,0,BDTD-0406,7590000000406
BASE TRIANGULAR,0.3,0,BT-0407,7590000000407
BASE DE ALUMINIO GRANDE,1.3,0,BDAG-0408,7590000000408
COLORETI,1.5,0,C-0409,7590000000409
FLOTADOR DE GLOBOS,2.5,0,FDG-0410,7590000000410
JABON MONCLEAR,0,0,JM-0411,7590000000411